time,latitude,longitude,depth,mag,magType,nst,gap,dmin,rms,net,id,updated,place,type,horizontalError,depthError,magError,magNst,status,locationSource,magSource
2026-02-21T17:52:53.727Z,61.454,-148.056,16.5,2.6,ml,77,24,0.2,0.9,ak,aka2026dqzpkv,2026-02-21T17:56:33.181Z,"43 km SSE of Chickaloon, Alaska",earthquake,1.7,1.4512,0.1,43,automatic,ak,ak
2026-02-21T17:23:45.150Z,38.807998657227,-122.77866363525,3.1900000572205,2.85,md,15,106,0.005485,0.02,nc,nc75316797,2026-02-21T17:51:44.429Z,"4 km NNW of The Geysers, CA",earthquake,0.29,0.689999998,0.66,11,automatic,nc,nc
2026-02-21T17:22:55.590Z,38.822666168213,-122.79133605957,-0.91000002622604,4.11,mw,91,27,,0.32,nc,nc75316827,2026-02-21T17:56:55.403Z,"6 km NNW of The Geysers, CA",earthquake,0.23,0.569999993,,6,reviewed,nc,nc
2026-02-21T17:01:51.855Z,-62.9686,169.547,10,5.6,mww,109,48,14.824,0.94,us,us6000samt,2026-02-21T17:31:05.836Z,"Balleny Islands region",earthquake,11.28,1.849,0.069,20,reviewed,us,us
2026-02-21T16:42:07.295Z,-11.3339,162.3952,10,6,mww,150,42,3.057,0.97,us,us6000sams,2026-02-21T17:16:43.938Z,"110 km SSE of Kirakira, Solomon Islands",earthquake,3.3,2.726,0.053,34,reviewed,us,us
2026-02-21T15:33:58.469Z,57.305,-154.988,57,3.1,ml,56,150,0.8,0.6,ak,aka2026dquzse,2026-02-21T16:45:58.040Z,"43 km SW of Karluk, Alaska",earthquake,5.3,5.1947,0.1,6,automatic,ak,ak
2026-02-21T15:09:05.338Z,-24.3033,-67.3772,197.617,4.3,mb,28,84,1.533,0.63,us,us6000samg,2026-02-21T16:22:27.040Z,"107 km W of San Antonio de los Cobres, Argentina",earthquake,8.82,10.698,0.178,10,reviewed,us,us
2026-02-21T14:56:05.368Z,-24.2554,-179.5801,503.874,4.9,mb,31,70,6.844,0.74,us,us6000same,2026-02-21T15:15:15.040Z,"south of the Fiji Islands",earthquake,14.83,12.829,0.093,36,reviewed,us,us
2026-02-21T13:25:32.025Z,59.544,-138.841,2.1,2.7,ml,30,122,0.3,0.8,ak,aka2026dqqtfg,2026-02-21T13:54:06.040Z,"50 km E of Yakutat, Alaska",earthquake,5.2,2.6892,0.2,4,automatic,ak,ak
2026-02-21T12:44:04.174Z,47.9974,17.4484,10,4.1,mb,23,74,1.275,0.64,us,us6000sam8,2026-02-21T17:57:23.540Z,"10 km ESE of Šamorín, Slovakia",earthquake,5.38,1.953,0.213,6,reviewed,us,us
2026-02-21T12:20:27.130Z,-5.1121,134.0085,10,4.5,mb,18,89,2.797,0.44,us,us6000sam7,2026-02-21T13:17:31.040Z,"150 km ENE of Tual, Indonesia",earthquake,7.81,1.582,0.14,15,reviewed,us,us
2026-02-21T10:08:36.591Z,61.583,-152.021,118.4,2.7,ml,64,45,0.1,0.5,ak,aka2026dqkfig,2026-02-21T10:43:17.040Z,"56 km SW of Skwentna, Alaska",earthquake,3.3,3.2026,0.2,4,automatic,ak,ak
2026-02-21T10:01:46.691Z,35.62710571,-98.0233078,0.7833360434,2.92,ml,79,32.06655884,0.1594476551,0.7290813867,ok,ok2026dpyn,2026-02-21T10:17:18.590Z,"9 km ENE of Calumet, Oklahoma",earthquake,1.253524701,1.060262313,0.22,60,automatic,ok,ok
2026-02-21T09:41:15.172Z,24.59,125.4057,37.639,4.5,mb,38,78,1.087,0.73,us,us6000sals,2026-02-21T15:02:49.040Z,"24 km SSE of Miyakojima, Japan",earthquake,5.37,9.867,0.079,47,reviewed,us,us
2026-02-21T07:47:35.997Z,-35.7322,-71.507,100.997,4.8,mb,45,133,0.078,1.21,us,us6000sale,2026-02-21T16:47:15.939Z,"10 km WSW of Colbún, Chile",earthquake,6.65,6.458,0.107,28,reviewed,us,us
2026-02-21T07:33:37.935Z,17.7015,-94.251,152.271,4.3,mb,31,124,2.467,0.61,us,us6000sal9,2026-02-21T08:05:35.040Z,"26 km S of Cuichapa, Mexico",earthquake,8.38,10.394,0.073,53,reviewed,us,us
2026-02-21T07:33:25.213Z,29.8708,140.8296,109.554,4.3,mb,31,142,6.334,0.41,us,us6000salc,2026-02-21T07:46:44.040Z,"Izu Islands, Japan region",earthquake,8.08,9.752,0.099,29,reviewed,us,us
2026-02-21T07:27:54.180Z,18.822166666667,-65.6525,17.48,3.03,md,21,226,0.5651,0.26,pr,pr71508403,2026-02-21T07:52:12.140Z,"47 km NNE of Vieques, Puerto Rico",earthquake,0.86,2.54,0.02756019262684,4,reviewed,pr,pr
2026-02-21T06:18:43.942Z,-5.3681,145.8345,71.612,5.7,mww,45,54,3.639,1.01,us,us6000saks,2026-02-21T15:32:08.040Z,"17 km SSE of Madang, Papua New Guinea",earthquake,4,9.114,0.061,26,reviewed,us,us
2026-02-21T06:05:19.259Z,61.095,-151.148,62.8,3,ml,82,30,0.4,0.8,ak,aka2026dqcdrt,2026-02-21T06:23:05.040Z,"3 km NNW of Tyonek, Alaska",earthquake,2.2,2.9117,0.1,4,automatic,ak,ak
2026-02-21T05:03:45.637Z,-6.0764,146.6191,54.524,4.7,mb,23,51,3.35,0.52,us,us6000sakc,2026-02-21T06:37:21.058Z,"82 km NNW of Lae, Papua New Guinea",earthquake,7.94,7.995,0.142,15,reviewed,us,us
2026-02-21T04:28:02.033Z,34.3416,72.147,10,3.6,mb,17,246,2.496,0.89,us,us6000sakl,2026-02-21T07:11:46.861Z,"18 km NNE of Mardan, Pakistan",earthquake,11.52,2.019,0.249,4,reviewed,us,us
2026-02-21T03:59:06.641Z,61.982,-149.911,13.9,2.7,ml,57,36,0.5,0.9,ak,aka2026dpxyvs,2026-02-21T04:03:03.348Z,"20 km S of Susitna North, Alaska",earthquake,2.3,2.3936,0.2,26,automatic,ak,ak
2026-02-21T03:43:16.285Z,38.3103,38.7575,10,4.3,mb,44,74,0.436,1.19,us,us6000sakb,2026-02-21T04:17:30.040Z,"24 km W of Doğanyol, Turkey",earthquake,3.33,1.903,0.122,19,reviewed,us,us
2026-02-21T03:38:38.823Z,38.7861,21.8615,10,4.4,mb,19,108,0.438,0.85,us,us6000sak8,2026-02-21T03:51:39.040Z,"15 km SSE of Karpenísi, Greece",earthquake,3.87,1.944,0.24,5,reviewed,us,us
2026-02-21T03:09:43.060Z,19.192,-66.487833333333,23.36,3.28,md,25,259,0.7122,0.27,pr,pr71508373,2026-02-21T03:36:40.250Z,"80 km N of Tierras Nuevas Poniente, Puerto Rico",earthquake,0.84,17.68,0.052902695217317,16,reviewed,pr,pr
2026-02-21T01:44:26.962Z,19.5029,-68.828,10,3,ml,17,208,1.07,0.84,us,us6000sajv,2026-02-21T03:41:09.040Z,"61 km NNE of Miches, Dominican Republic",earthquake,4.7,1.927,0.062,34,reviewed,us,us
2026-02-21T01:12:27.179Z,32.441,-102.157,6.9824,2.8,ml,32,49,0,0.1,tx,tx2026dpskyr,2026-02-21T01:34:43.132Z,"38 km SSW of Lamesa, Texas",earthquake,0.6581797521545,0.5432571293933,0.2,25,reviewed,tx,tx
2026-02-21T00:28:44.377Z,40.3865,14.9663,300.302,4.8,mb,112,38,0.712,0.68,us,us6000sajm,2026-02-21T15:28:50.040Z,"3 km SW of Licinella-Torre di Paestum, Italy",earthquake,7.08,5.285,0.039,198,reviewed,us,us
2026-02-20T22:11:49.007Z,53.2171,159.5228,69.207,4.5,mb,54,120,0.561,0.56,us,us6000saj1,2026-02-21T02:39:09.040Z,"62 km ENE of Petropavlovsk-Kamchatsky, Russia",earthquake,10.44,6.39,0.058,88,reviewed,us,us
2026-02-20T21:01:07.343Z,54.4085,-159.9528,35,2.6,ml,14,246,1.333,0.49,us,us6000saj9,2026-02-21T01:07:38.040Z,"109 km SSE of Sand Point, Alaska",earthquake,4.9,2.018,0.115,10,reviewed,us,us
2026-02-20T20:55:50.612Z,51.2353,-169.3294,10,3,ml,23,241,1.573,0.61,us,us6000sajb,2026-02-21T14:46:32.040Z,"192 km S of Nikolski, Alaska",earthquake,5.86,2.015,0.091,16,reviewed,us,us
2026-02-20T20:25:21.491Z,61.206,-152.089,109,2.9,ml,60,27,0,0.6,ak,aka2026dpixxc,2026-02-20T21:51:02.040Z,"53 km WNW of Tyonek, Alaska",earthquake,3.2,2.9209,0.1,4,automatic,ak,ak
2026-02-20T20:14:59.532Z,36.1799,-119.6285,12.446,2.5,ml,62,24,0.463,1.03,us,us6000said,2026-02-20T21:46:23.777Z,"10 km NW of Corcoran, California",earthquake,1.14,7.018,0.033,122,reviewed,us,us
2026-02-20T19:44:32.254Z,24.0811,122.4356,41.266,4.3,mb,56,61,0.651,0.74,us,us6000sai5,2026-02-20T20:15:58.040Z,"71 km SW of Yonakuni, Japan",earthquake,3.82,7.557,0.091,38,reviewed,us,us
2026-02-20T19:16:49.038Z,24.2452,122.8659,50.843,4.5,mb,67,66,0.258,0.96,us,us6000sai1,2026-02-20T19:52:52.040Z,"28 km SSW of Yonakuni, Japan",earthquake,4.75,6.852,0.066,67,reviewed,us,us
2026-02-20T18:59:31.433Z,37.7252,142.1528,50.171,4.2,mb,26,157,3.174,0.42,us,us6000sai0,2026-02-20T19:32:01.040Z,"101 km SE of Onagawa Chō, Japan",earthquake,10.11,11.003,0.14,16,reviewed,us,us
2026-02-20T18:48:51.478Z,-16.2765,-72.0322,133.504,4.2,mb,23,149,2.635,1.17,us,us6000sahz,2026-02-20T19:09:24.040Z,"19 km ENE of El Pedregal, Peru",earthquake,6.56,11.892,0.118,22,reviewed,us,us
2026-02-20T15:14:07.357Z,60.4821,-139.9475,5,2.6,ml,15,117,0.416,0.21,us,us6000saeg,2026-02-20T15:24:29.040Z,"104 km N of Yakutat, Alaska",earthquake,3.49,2.005,0.062,34,reviewed,us,us
2026-02-20T14:57:41.646Z,-13.8873,172.4032,608.731,5.4,mww,48,66,5.266,0.5,us,us6000saef,2026-02-21T15:18:22.848Z,"Vanuatu region",earthquake,12.21,10.104,0.11,8,reviewed,us,us
2026-02-20T14:35:36.260Z,60.4322,-139.5729,5,2.8,ml,26,84,0.478,0.9,us,us6000sae7,2026-02-21T06:48:39.040Z,"99 km N of Yakutat, Alaska",earthquake,2.66,1.501,0.048,58,reviewed,us,us
2026-02-20T14:16:31.286Z,41.5548,142.0269,63.223,5.3,mww,63,117,0.962,0.93,us,us6000sae0,2026-02-20T18:08:31.040Z,"73 km ENE of Mutsu, Japan",earthquake,5.7,5.612,0.078,16,reviewed,us,us
2026-02-20T14:09:53.330Z,18.794,-155.1195,45.98,2.68,ml,55,274,0.4841,0.12,hv,hv74903886,2026-02-20T19:45:18.410Z,"57 km ESE of Naalehu, Hawaii",earthquake,0.74,1.24,0.1041653507799,21,reviewed,hv,hv
2026-02-20T13:57:16.730Z,60.5491,-139.9957,5,3.4,ml,46,54,0.472,0.92,us,us6000sadx,2026-02-20T14:22:08.040Z,"112 km N of Yakutat, Alaska",earthquake,4.85,1.988,0.039,86,reviewed,us,us
2026-02-20T13:46:53.173Z,57.865,-154.682,68.5,2.6,ml,41,147,0.4,0.5,ak,aka2026dovsod,2026-02-20T23:06:24.715Z,"35 km NNW of Karluk, Alaska",earthquake,4.9,2.9248,0.2,29,reviewed,ak,ak
2026-02-20T13:36:39.793Z,-4.1456,132.1936,10,4.6,mb,38,113,1.22,1.07,us,us6000sadv,2026-02-20T13:57:59.040Z,"135 km S of Fakfak, Indonesia",earthquake,6.06,1.908,0.091,36,reviewed,us,us
2026-02-20T13:13:53.275Z,60.805,-150.514,56.6,3.6,ml,165,32,0.3,1,ak,aka2026douqcb,2026-02-21T17:06:49.691Z,"16 km SE of Point Possession, Alaska",earthquake,1.8,2.4948,0.2,115,reviewed,ak,ak
2026-02-20T13:09:54.336Z,35.593,69.7614,90.712,5.8,mww,108,28,1.192,0.83,us,us6000sadt,2026-02-21T13:34:19.848Z,"38 km NE of Bāzārak, Afghanistan",earthquake,6.8,6.05,0.06,27,reviewed,us,us
2026-02-20T13:01:58.421Z,-7.909,128.0484,67.054,4.1,mb,12,145,3.837,0.5,us,us6000sadr,2026-02-20T14:52:51.040Z,"134 km ENE of Lospalos, Timor Leste",earthquake,9.86,12.539,0.158,11,reviewed,us,us
2026-02-20T12:56:39.660Z,-8.0686,-108.3338,10,4.9,mb,79,207,19.424,0.6,us,us6000sadp,2026-02-20T13:15:15.040Z,"central East Pacific Rise",earthquake,8.82,1.971,0.047,141,reviewed,us,us
2026-02-20T12:31:19.735Z,54.518,-160.1373,10,2.9,ml,35,220,1.183,0.88,us,us6000saj7,2026-02-21T06:41:15.040Z,"93 km SSE of Sand Point, Alaska",earthquake,5.89,2.007,0.081,20,reviewed,us,us
2026-02-20T12:24:44.947Z,-23.4845,179.2416,558.638,4.5,mb,39,76,5.818,0.86,us,us6000sadl,2026-02-20T12:48:50.040Z,"south of the Fiji Islands",earthquake,15.11,10.386,0.094,33,reviewed,us,us
2026-02-20T10:43:23.345Z,52.556,-168.823,47.4,2.5,ml,16,247,0.4,0.8,ak,aka2026dopqjs,2026-02-20T22:44:51.204Z,"42 km S of Nikolski, Alaska",earthquake,35.1,19.5819,0.1,13,reviewed,ak,ak
2026-02-20T10:39:10.162Z,36.1323,143.1373,10,4.7,mb,30,153,4.004,1.16,us,us6000sadg,2026-02-20T11:20:11.040Z,"212 km ENE of Hasaki, Japan",earthquake,8.35,2.322,0.13,18,reviewed,us,us
2026-02-20T08:34:36.123Z,-30.6461,-71.8097,27.4,4.6,mb,44,145,0.153,1.4,us,us6000sad2,2026-02-21T07:10:49.040Z,"58 km W of Ovalle, Chile",earthquake,4.18,5.046,0.114,23,reviewed,us,us
2026-02-20T08:11:12.060Z,19.5,-65.6103,61,3.62,md,16,271,1.2815,0.52,pr,pr2026051000,2026-02-21T07:01:16.040Z,"121 km NNE of Suárez, Puerto Rico",earthquake,5.33,15.96,0.04,9,reviewed,pr,pr
2026-02-20T07:41:54.611Z,51.2257,-169.2982,10,2.8,ml,13,255,1.585,0.45,us,us6000saim,2026-02-21T06:54:14.040Z,"192 km S of Nikolski, Alaska",earthquake,8.1,2.021,0.097,14,reviewed,us,us
2026-02-20T07:26:00.689Z,51.1211,-169.2471,10,2.8,ml,17,258,1.694,0.29,us,us6000sail,2026-02-21T06:51:56.040Z,"203 km S of Nikolski, Alaska",earthquake,4.48,2.014,0.097,14,reviewed,us,us
2026-02-20T07:25:06.966Z,59.3509,-136.7518,10,2.9,ml,27,82,0.223,0.96,us,us6000sact,2026-02-21T06:32:04.040Z,"41 km W of Covenant Life, Alaska",earthquake,3.73,1.962,0.052,48,reviewed,us,us
2026-02-20T07:21:12.487Z,-36.9701,-96.5731,10,5,mww,41,156,19.186,0.71,us,us6000sacu,2026-02-20T08:02:56.040Z,"West Chile Rise",earthquake,15.42,1.93,0.083,14,reviewed,us,us
2026-02-20T07:19:17.528Z,51.1582,-169.356,10,3.2,ml,27,233,1.647,1.04,us,us6000sahx,2026-02-21T06:27:20.040Z,"201 km S of Nikolski, Alaska",earthquake,7.98,2.017,0.085,18,reviewed,us,us
2026-02-20T06:30:41.198Z,59.808,-151.764,61.7,2.6,ml,66,62,0.2,0.7,ak,aka2026dohgrd,2026-02-20T20:51:08.445Z,"5 km NE of Anchor Point, Alaska",earthquake,2.5,2.4334,0.1,46,reviewed,ak,ak
2026-02-20T06:15:34.920Z,19.528,-155.6065,6.34,3.06,ml,32,58,0.02946,0.15,hv,hv74903611,2026-02-20T07:56:13.090Z,"28 km ENE of Honaunau-Napoopoo, Hawaii",earthquake,0.32,0.53,0.23111663030728,22,reviewed,hv,hv
2026-02-20T06:11:49.040Z,19.5285,-155.61266666667,6.72,2.84,ml,32,59,0.03216,0.17,hv,hv74903606,2026-02-20T07:49:09.040Z,"27 km ENE of Honaunau-Napoopoo, Hawaii",earthquake,0.34,0.54,0.18205217599705,23,reviewed,hv,hv
2026-02-20T05:30:44.236Z,51.4366,-176.6577,30.587,2.7,ml,14,230,0.454,0.42,us,us6000saig,2026-02-21T06:21:10.040Z,"48 km S of Adak, Alaska",earthquake,4.74,13.022,0.128,8,reviewed,us,us
2026-02-20T05:03:04.795Z,41.9705,-125.5236,10,2.6,ml,30,255,0.938,0.56,us,us6000sacf,2026-02-20T07:45:02.040Z,"99 km WSW of Pistol River, Oregon",earthquake,3.07,2,0.048,58,reviewed,us,us
2026-02-20T04:50:49.024Z,63.158,-149.762,94.1,2.5,ml,62,34,0.5,0.7,ak,aka2026dodyps,2026-02-20T20:36:59.619Z,"48 km WSW of Cantwell, Alaska",earthquake,2.4,2.7836,0.2,44,reviewed,ak,ak
2026-02-20T03:22:35.424Z,-12.4696,166.9869,227.417,4.7,mb,27,86,2.967,0.87,us,us6000sac0,2026-02-20T04:50:50.743Z,"167 km NNW of Sola, Vanuatu",earthquake,13.72,9.08,0.127,19,reviewed,us,us
2026-02-20T02:59:01.247Z,1.6397,128.2144,127.041,4.6,mb,38,108,6.063,0.65,us,us6000sabw,2026-02-20T03:17:32.040Z,"24 km ESE of Tobelo, Indonesia",earthquake,11.92,8.996,0.095,39,reviewed,us,us
2026-02-20T00:34:30.080Z,52.734,-168.146,34,2.5,ml,19,231,0.5,0.5,ak,aka2026dnvltp,2026-02-20T20:10:34.899Z,"53 km ESE of Nikolski, Alaska",earthquake,10.6,6.7809,0.2,12,reviewed,ak,ak
2026-02-20T00:28:25.067Z,59.713,-150.611,39.9,3,ml,103,130,0.1,0.7,ak,aka2026dnvgml,2026-02-20T20:09:03.843Z,"25 km SE of Fox River, Alaska",earthquake,2.7,2.0127,0.2,70,reviewed,ak,ak
2026-02-19T22:31:11.738Z,51.1147,157.4183,71.158,4.4,mb,54,136,2.004,0.54,us,us6000saaw,2026-02-20T00:31:06.040Z,"76 km SE of Ozernovskiy, Russia",earthquake,11.23,7.595,0.076,51,reviewed,us,us
2026-02-19T20:32:57.060Z,-20.8401,-178.4811,590.024,4.6,mb,44,127,4.494,0.6,us,us6000saa7,2026-02-19T20:51:01.040Z,"Fiji region",earthquake,15.48,9.441,0.082,44,reviewed,us,us
2026-02-19T19:57:24.210Z,35.62416667,-98.031,5.59,2.64,ml,80,36,0,0.33,ok,ok2026dnbd,2026-02-20T04:28:53.036Z,"8 km ENE of Calumet, Oklahoma",earthquake,,0.7,0.25,36,reviewed,ok,ok
2026-02-19T19:10:58.755Z,34.3907,26.0583,10,4.5,mb,53,100,1.467,1,us,us6000sa9q,2026-02-19T19:25:40.040Z,"74 km SSE of Ierápetra, Greece",earthquake,7.79,1.883,0.077,49,reviewed,us,us
2026-02-19T18:47:29.012Z,52.041,-169.657,20,3.5,ml,25,334,1.1,1.5,ak,aka2026dnjywe,2026-02-20T04:23:23.798Z,"113 km SSW of Nikolski, Alaska",earthquake,26.4,13.5146,0.1,19,reviewed,ak,ak
2026-02-19T18:37:11.746Z,22.2452,123.9352,10,4.4,mb,34,196,2.142,0.76,us,us6000sa9j,2026-02-19T19:12:45.040Z,"233 km S of Ishigaki, Japan",earthquake,9.22,1.976,0.117,21,reviewed,us,us
2026-02-19T18:21:52.400Z,50.985,-178.05,8.7,2.9,ml,21,241,0.7,0.7,ak,aka2026dnjcpa,2026-02-20T23:22:38.444Z,"139 km SW of Adak, Alaska",earthquake,6.7,2.5718,0.1,15,reviewed,ak,ak
2026-02-19T17:34:41.507Z,1.1685,-90.6812,10,4.7,mb,47,167,1.872,0.49,us,us6000sa9d,2026-02-19T18:24:19.040Z,"214 km N of Puerto Ayora, Ecuador",earthquake,10.13,1.914,0.072,58,reviewed,us,us
2026-02-19T17:17:22.776Z,1.4277,-90.4567,10,4.9,mww,59,149,2.095,0.69,us,us6000sa9b,2026-02-19T18:03:57.040Z,"240 km N of Puerto Ayora, Ecuador",earthquake,10.11,1.908,0.089,12,reviewed,us,us
2026-02-19T17:03:35.580Z,19.826,-155.736,40.29,2.86,ml,55,115,0.08004,0.13,hv,hv74903231,2026-02-20T04:23:17.443Z,"13 km SSE of Waikoloa, Hawaii",earthquake,0.48,0.6,0.19972579939629,28,reviewed,hv,hv
2026-02-19T16:33:14.793Z,60.695,-143.118,5,3.2,ml,105,57,0.1,1.2,ak,aka2026dnfnam,2026-02-20T17:26:13.040Z,"82 km S of McCarthy, Alaska",earthquake,1.8,0,0.2,74,reviewed,ak,ak
2026-02-19T15:14:57.018Z,51.9345,-169.4156,10,3.8,mb,34,220,0.874,0.81,us,us6000sa7w,2026-02-20T17:22:25.040Z,"117 km SSW of Nikolski, Alaska",earthquake,4.51,1.921,0.09,41,reviewed,us,us
2026-02-19T14:49:06.903Z,51.9856,-169.5705,10,2.6,ml,12,234,0.808,0.57,us,us6000sabn,2026-02-20T17:18:43.040Z,"116 km SSW of Nikolski, Alaska",earthquake,3.25,2.009,0.128,8,reviewed,us,us
2026-02-19T14:43:12.538Z,9.7168,126.133,67.472,4.8,mb,69,85,2.687,0.55,us,us6000sa76,2026-02-19T17:16:15.467Z,"5 km SSE of Union, Philippines",earthquake,10.93,5.876,0.059,88,reviewed,us,us
2026-02-19T14:38:39.695Z,52.1068,-169.6617,10,4.8,mb,62,150,0.997,0.67,us,us6000sa70,2026-02-19T18:53:50.335Z,"107 km SSW of Nikolski, Alaska",earthquake,7,1.889,0.039,205,reviewed,us,us
2026-02-19T14:18:06.650Z,19.8711,-66.5455,34,5.1,ml,32,220,1.3941,0.34,pr,pr2026050001,2026-02-20T17:17:00.779Z,"155 km N of Arecibo, Puerto Rico",earthquake,1.7,20.73,0.1,23,reviewed,pr,pr
2026-02-19T13:49:30.735Z,60.694,-143.096,5,3.3,ml,95,57,0.1,1.4,ak,aka2026dnabxq,2026-02-20T00:49:00.715Z,"82 km S of McCarthy, Alaska",earthquake,1.8,0,0.1,67,reviewed,ak,ak
2026-02-19T13:44:16.117Z,5.6208,127.1384,113.818,4.6,mb,37,155,2.115,0.54,us,us6000sa6c,2026-02-20T17:16:04.040Z,"134 km SE of Pondaguitan, Philippines",earthquake,13.46,6.868,0.087,40,reviewed,us,us
2026-02-19T13:36:32.700Z,54.2727,-159.7992,10,3.4,ml,50,213,1.486,0.79,us,us6000sa66,2026-02-20T17:12:21.040Z,"126 km SSE of Sand Point, Alaska",earthquake,6.84,2.005,0.074,24,reviewed,us,us
2026-02-19T13:35:21.222Z,54.0435,-162.6084,35,2.6,ml,18,245,0.897,0.73,us,us6000sabk,2026-02-20T17:09:00.040Z,"104 km SSE of False Pass, Alaska",earthquake,6.05,2.021,0.128,8,reviewed,us,us
2026-02-19T13:32:22.034Z,54.4444,-159.9963,10,2.6,ml,15,269,1.292,0.43,us,us6000sabi,2026-02-20T17:06:00.040Z,"104 km SSE of Sand Point, Alaska",earthquake,3.72,2.019,0.148,6,reviewed,us,us
2026-02-19T12:48:24.949Z,35.62183333,-98.034,6.77,3.07,ml,98,39,0,0.12,ok,ok2026dmmz,2026-02-19T20:27:42.723Z,"8 km ENE of Calumet, Oklahoma",earthquake,,0.2,0.2,43,reviewed,ok,ok
2026-02-19T12:36:59.878Z,-21.0734,-68.8969,114.498,4.4,mb,34,68,0.552,0.85,us,us6000sa5z,2026-02-20T09:10:46.040Z,"68 km WNW of Ollagüe, Chile",earthquake,5.47,6.288,0.11,24,reviewed,us,us
2026-02-19T12:13:58.929Z,39.0392,-9.1085,10,3.5,mb_lg,9,232,1.817,0.22,us,us6000sa5y,2026-02-20T07:36:20.646Z,"4 km ENE of Sobral de Monte Agraço, Portugal",earthquake,6.04,2.018,0.295,3,reviewed,us,us
2026-02-19T12:00:23.617Z,53.561,-165.9194,61.137,3.3,ml,36,199,0.449,0.6,us,us6000sabf,2026-02-20T08:57:55.040Z,"53 km SE of Unalaska, Alaska",earthquake,7.77,16.912,0.091,16,reviewed,us,us
2026-02-19T11:15:34.933Z,-39.5847,-56.6375,10,4.7,mb,40,70,9.897,1.6,us,us6000sa5t,2026-02-21T05:31:48.347Z,"193 km SSE of Mar del Plata, Argentina",earthquake,7.42,1.893,0.097,32,reviewed,us,us
2026-02-19T11:06:19.117Z,60.5149,-139.8033,5,2.7,ml,29,45,0.476,1.25,us,us6000sa5r,2026-02-20T08:24:07.040Z,"107 km N of Yakutat, Alaska",earthquake,1.42,1.978,0.041,80,reviewed,us,us
2026-02-19T10:17:43.723Z,51.1391,-178.3652,14.512,2.9,ml,19,214,0.501,0.88,us,us6000saaz,2026-02-20T08:09:10.040Z,"145 km SW of Adak, Alaska",earthquake,2.54,10.626,0.091,16,reviewed,us,us
2026-02-19T10:05:48.386Z,32.991,-102.837,3.1494,3.1,ml,27,64,0.2,0.3,tx,tx2026dmspfw,2026-02-20T04:39:24.237Z,"3 km NNW of Denver City, Texas",earthquake,1.9612396251879,1.840117307623,0.1,30,reviewed,tx,tx
2026-02-19T09:59:47.573Z,63.252,-151.637,0.3,2.5,ml,45,44,0.3,0.7,ak,aka2026dmsmad,2026-02-19T22:42:51.939Z,"32 km S of Denali National Park, Alaska",earthquake,2.2,1.9025,0.2,33,reviewed,ak,ak
2026-02-19T09:19:53.274Z,61.455,-148.062,17.3,3.1,ml,118,22,0.2,0.9,ak,aka2026dmquls,2026-02-20T07:44:40.040Z,"43 km SSE of Chickaloon, Alaska",earthquake,1.5,1.0742,0.1,79,reviewed,ak,ak
2026-02-19T09:09:14.725Z,42.2356,80.4951,10,5,mb,94,83,1.321,0.87,us,us6000sa5f,2026-02-19T09:28:11.040Z,"118 km N of Aksu, China",earthquake,7.76,1.879,0.067,72,reviewed,us,us
2026-02-19T08:32:52.786Z,40.5899,-119.6754,3.3016,2.48,ml,9,148,0.422,0.1385,nn,nn00910958,2026-02-20T05:52:36.040Z,"27 km WSW of Gerlach, Nevada",earthquake,,3.468,0.35,4,reviewed,nn,nn
2026-02-19T08:24:39.959Z,35.6124,139.7824,57.873,4.5,mb,23,202,1.582,0.78,us,us6000sa5d,2026-02-19T09:16:35.128Z,"11 km SE of Motoyoyogichō, Japan",earthquake,4.74,10.343,0.15,13,reviewed,us,us
2026-02-19T07:30:01.762Z,12.3567,-89.1986,10,4.4,mb,62,176,1.372,0.84,us,us6000sa58,2026-02-19T07:43:30.040Z,"124 km SW of Puerto El Triunfo, El Salvador",earthquake,10.56,1.97,0.069,61,reviewed,us,us
2026-02-19T07:13:19.127Z,51.5781,-178.4259,11.162,3.2,ml,32,186,0.243,0.92,us,us6000saah,2026-02-20T05:48:20.040Z,"128 km WSW of Adak, Alaska",earthquake,2.24,7.302,0.085,18,reviewed,us,us
2026-02-19T07:02:15.998Z,-5.6683,133.789,10,4.9,mb,31,75,3.133,0.36,us,us6000sa54,2026-02-19T07:16:06.040Z,"114 km E of Tual, Indonesia",earthquake,6.71,1.62,0.117,23,reviewed,us,us
2026-02-19T06:58:36.481Z,-21.9996,-178.4225,383.212,4.5,mb,15,123,5.377,1.08,us,us6000sa50,2026-02-19T07:21:00.040Z,"Fiji region",earthquake,19.28,15.545,0.144,14,reviewed,us,us
2026-02-19T06:37:26.778Z,51.9817,-179.9581,127.841,4.6,mb,84,110,0.289,0.87,us,us6000sa4v,2026-02-19T18:13:35.520Z,"228 km W of Adak, Alaska",earthquake,15.06,10.276,0.049,127,reviewed,us,us
2026-02-19T05:35:11.933Z,-12.4532,-76.4374,67.033,3.6,mb,10,173,0.609,0.42,us,us6000sa4z,2026-02-19T15:30:01.267Z,"14 km NE of Calango, Peru",earthquake,12.21,9.788,0.289,3,reviewed,us,us
2026-02-19T05:31:37.187Z,54.5854,-160.0313,11.167,2.7,ml,31,212,1.201,0.63,us,us6000saa9,2026-02-20T05:24:00.040Z,"88 km SSE of Sand Point, Alaska",earthquake,7.09,12.855,0.097,14,reviewed,us,us
2026-02-19T05:30:03.080Z,33.778,-115.99666666667,4.66,2.63,ml,62,42,0.1226,0.16,ci,ci41187831,2026-02-20T05:21:51.040Z,"20 km ENE of Coachella, CA",earthquake,0.14,0.42,0.20935854414763,25,reviewed,ci,ci
2026-02-19T04:53:21.481Z,36.936,21.4786,10,4.6,mb,49,81,0.431,1.41,us,us6000sa45,2026-02-19T05:13:20.040Z,"19 km W of Pýlos, Greece",earthquake,4.36,1.87,0.077,51,reviewed,us,us
2026-02-19T04:41:33.160Z,4.6197,128.1684,10,4.6,mb,38,121,3.544,0.81,us,us6000sa4b,2026-02-19T05:28:59.040Z,"292 km SE of Pondaguitan, Philippines",earthquake,7.12,1.92,0.1,30,reviewed,us,us
2026-02-19T04:40:38.634Z,33.6365,81.6897,10,4.1,mb,23,158,7.802,1,us,us6000sa44,2026-02-19T05:18:35.040Z,"western Xizang",earthquake,10.61,1.944,0.131,16,reviewed,us,us
2026-02-19T04:38:04.210Z,17.9846,-68.936,99,3.75,md,18,243,0.7666,0.44,pr,pr2026050000,2026-02-19T05:32:28.040Z,"49 km S of La Romana, Dominican Republic",earthquake,4.09,3.89,0.15,12,reviewed,pr,pr
2026-02-19T04:15:32.350Z,34.017833333333,-119.07933333333,10.83,2.98,ml,93,62,0.1024,0.25,ci,ci41187807,2026-02-19T23:10:52.160Z,"18 km SE of Port Hueneme, CA",earthquake,0.31,0.45,0.17940534958436,179,reviewed,ci,ci
2026-02-19T03:56:30.607Z,63.472,-151.404,5,2.6,ml,75,28,0.3,1.1,ak,aka2026dmgkxt,2026-02-19T20:21:39.568Z,"17 km ESE of Denali National Park, Alaska",earthquake,2,0,0.1,54,reviewed,ak,ak
2026-02-19T03:43:07.864Z,27.3667,52.5791,10,4.4,mb,35,134,4.053,0.7,us,us6000sa3x,2026-02-19T04:05:03.040Z,"36 km SW of Mohr, Iran",earthquake,7.32,1.914,0.095,32,reviewed,us,us
2026-02-19T03:22:37.800Z,4.061,128.1716,35,4.6,mb,42,113,3.948,0.93,us,us6000sa3v,2026-02-19T03:56:12.040Z,"258 km N of Tobelo, Indonesia",earthquake,11.17,1.941,0.092,35,reviewed,us,us
2026-02-19T03:12:00.163Z,3.9361,128.1739,94.147,4.5,mb,33,74,4.045,1.1,us,us6000sa3r,2026-02-19T06:05:57.040Z,"244 km N of Tobelo, Indonesia",earthquake,11.54,1.45,0.094,33,reviewed,us,us
2026-02-19T03:06:37.348Z,51.753,179.708,99.8,3,ml,26,113,0.2,0.4,ak,aka2026dmetyh,2026-02-19T19:56:40.759Z,"252 km W of Adak, Alaska",earthquake,13.2,3.1486,0.2,20,reviewed,ak,ak
2026-02-19T03:04:49.567Z,59.272,-152.105,74.7,2.6,ml,91,116,0.5,0.6,ak,aka2026dmeskg,2026-02-19T19:54:18.621Z,"14 km SW of Nanwalek, Alaska",earthquake,2.8,2.4398,0.2,55,reviewed,ak,ak
2026-02-19T03:02:16.800Z,18.0365,-66.812833333333,15.81,2.45,md,14,92,0.02608,0.22,pr,pr71508248,2026-02-19T03:18:35.710Z,"2 km NW of Guayanilla, Puerto Rico",earthquake,0.45,0.88,0.035022348519001,3,reviewed,pr,pr
2026-02-19T03:00:09.777Z,11.4685,-86.2297,84.336,4.7,mww,77,134,1.07,1.38,us,us6000sa3l,2026-02-19T20:11:32.080Z,"29 km S of La Conquista, Nicaragua",earthquake,8.09,7.347,0.11,8,reviewed,us,us
2026-02-19T02:11:58.254Z,62.293,-150.614,5,4,ml,191,21,0.2,1.3,ak,aka2026dmcyvx,2026-02-19T16:11:11.196Z,"20 km W of Trapper Creek, Alaska",earthquake,1.6,0,0.1,126,reviewed,ak,ak
2026-02-19T01:31:48.270Z,47.340833333333,-117.88233333333,-0.58,2.46,ml,11,80,0.1378,0.21,uw,uw61504988,2026-02-19T06:03:37.100Z,"8 km ENE of Sprague, Washington",explosion,0.67,31.61,0.18116752251843,5,reviewed,uw,uw
2026-02-19T01:22:03.051Z,61.728,-149.985,21.5,2.7,ml,105,27,0.7,0.9,ak,aka2026dmbhvo,2026-02-19T19:15:56.575Z,"3 km SE of Willow, Alaska",earthquake,1.8,2.3634,0.1,76,reviewed,ak,ak
2026-02-19T00:51:09.250Z,19.544333333333,-156.45716666667,3.36,3.35,ml,54,235,0.534,0.19,hv,hv74902806,2026-02-20T04:57:58.903Z,"49 km WSW of Kailua-Kona, Hawaii",earthquake,0.66,0.91,0.19658347260171,38,reviewed,hv,hv
2026-02-19T00:46:52.103Z,51.084,-179.59,18.4,2.9,ml,25,226,0.7,0.9,ak,aka2026dlzvrb,2026-02-19T19:09:05.838Z,"223 km WSW of Adak, Alaska",earthquake,6.7,4.4279,0.1,18,reviewed,ak,ak
2026-02-19T00:26:14.231Z,1.3709,122.1572,10,5.5,mww,72,66,6.609,0.86,us,us6000sa2c,2026-02-20T00:48:13.548Z,"136 km NW of Gorontalo, Indonesia",earthquake,8.37,1.878,0.103,9,reviewed,us,us
2026-02-18T23:36:42.316Z,49.1665,154.9929,61.302,4.9,mb,91,61,4.299,1.09,us,us6000sa28,2026-02-18T23:53:54.040Z,"186 km SSW of Severo-Kuril’sk, Russia",earthquake,9.36,7.034,0.043,173,reviewed,us,us
2026-02-18T23:26:11.570Z,55.465,-156.881,5,2.8,ml,11,318,1.3,0.4,ak,aka2026dlxmab,2026-02-19T00:00:55.040Z,"132 km SE of Chignik, Alaska",earthquake,41.3,,0.1,8,automatic,ak,ak
2026-02-18T22:40:27.749Z,37.3776,141.9316,35.308,4.6,mb,46,129,3.099,0.53,us,us6000sa20,2026-02-18T22:57:00.040Z,"81 km E of Tomioka, Japan",earthquake,7.57,7.16,0.081,45,reviewed,us,us
2026-02-18T19:53:22.833Z,2.9484,-31.4602,10,5.2,mb,120,47,9.78,0.46,us,us6000sa0y,2026-02-18T20:44:20.040Z,"central Mid-Atlantic Ridge",earthquake,9.57,1.785,0.045,164,reviewed,us,us
2026-02-18T19:32:13.755Z,-23.2936,-67.8274,152.495,4.7,mb,53,56,0.469,1.29,us,us6000sa0v,2026-02-18T20:18:42.040Z,"57 km SE of San Pedro de Atacama, Chile",earthquake,8.43,7.211,0.148,14,reviewed,us,us
2026-02-18T18:34:48.636Z,64.929,-157.202,128,3,ml,36,103,2,0.9,ak,aka2026dlnuwk,2026-02-18T19:48:28.040Z,"24 km ENE of Koyukuk, Alaska",earthquake,6.1,8.6532,0.2,20,automatic,ak,ak
2026-02-18T15:57:53.441Z,60.6012,-139.6879,5,2.8,ml,27,75,0.58,1.2,us,us6000sa07,2026-02-19T04:51:56.040Z,"117 km N of Yakutat, Alaska",earthquake,2.6,1.983,0.044,68,reviewed,us,us
2026-02-18T14:16:15.910Z,51.186,174.0776,10,4.2,mb,63,202,1.546,0.93,us,us6000s9yx,2026-02-20T10:19:41.040Z,"194 km SSE of Attu Station, Alaska",earthquake,8.03,1.953,0.074,51,reviewed,us,us
2026-02-18T13:11:09.381Z,-21.2224,-69.5065,100.228,4,mb,21,52,0.179,0.59,us,us6000s9yr,2026-02-18T15:08:01.040Z,"99 km S of La Tirana, Chile",earthquake,4.78,3.841,0.184,8,reviewed,us,us
2026-02-18T12:12:00.659Z,52.6622,160.2167,49.086,4.5,mb,33,144,1.017,0.64,us,us6000s9yj,2026-02-18T12:38:14.040Z,"115 km ESE of Petropavlovsk-Kamchatsky, Russia",earthquake,11.07,7.61,0.102,28,reviewed,us,us
2026-02-18T11:23:10.173Z,56.544,-156.557,22.9,2.6,ml,49,188,0.9,0.6,ak,aka2026dkzmyu,2026-02-18T11:31:46.040Z,"117 km ENE of Chignik, Alaska",earthquake,5.7,3.6643,0.2,6,automatic,ak,ak
2026-02-18T09:46:16.521Z,49.6358,-116.4501,10.589,2.6,ml,20,161,0.923,0.45,us,us6000s9y8,2026-02-18T20:06:51.442Z,"34 km W of Kimberley, Canada",earthquake,4.33,7.561,0.059,38,reviewed,us,us
2026-02-18T09:06:38.400Z,38.791500091553,-122.76000213623,0.14000000059605,2.93,md,51,45,0.02123,0.08,nc,nc75315492,2026-02-18T11:40:05.040Z,"2 km N of The Geysers, CA",earthquake,0.17,0.289999992,0.21,65,automatic,nc,nc
2026-02-18T09:06:35.755Z,9.6148,-82.7471,10,4.6,mb,42,76,0.604,1.02,us,us6000s9y5,2026-02-18T14:36:39.739Z,"9 km NNW of Barranco Adentro, Panama",earthquake,6.33,1.881,0.061,79,reviewed,us,us
2026-02-18T08:45:33.340Z,37.437999725342,-118.7320022583,14.869999885559,2.48,md,23,107,0.1588,0.07,nc,nc75315477,2026-02-18T09:01:05.711Z,"12 km WNW of Round Valley, CA",earthquake,0.28,1.44000006,0.31,31,automatic,nc,nc
2026-02-18T07:57:31.539Z,-16.707,-179.2454,532.326,5.1,mb,50,83,1.347,1,us,us6000s9xy,2026-02-18T08:11:49.040Z,"151 km ESE of Labasa, Fiji",earthquake,12.25,8.711,0.074,62,reviewed,us,us
2026-02-18T07:35:51.354Z,24.9597,124.0893,98.92,4.7,mb,59,71,0.593,0.96,us,us6000s9xv,2026-02-18T08:23:14.040Z,"68 km N of Ishigaki, Japan",earthquake,7.18,6.92,0.053,106,reviewed,us,us
2026-02-18T02:27:46.663Z,29.2111,130.6669,22.742,5,mww,77,85,2.298,1.2,us,us6000s9wt,2026-02-20T14:05:18.040Z,"114 km S of Koshima, Japan",earthquake,6.22,4.968,0.098,10,reviewed,us,us
2026-02-18T02:22:54.109Z,-16.9715,-73.4539,10,4.2,mb,19,148,3.277,0.94,us,us6000s9ws,2026-02-18T02:48:52.040Z,"86 km SSE of Atico, Peru",earthquake,5.18,1.989,0.124,18,reviewed,us,us
2026-02-18T02:15:27.208Z,-6.2086,131.2032,61.659,5.2,mb,60,45,2.116,0.64,us,us6000s9wr,2026-02-18T02:32:22.040Z,"183 km WSW of Tual, Indonesia",earthquake,7.76,7.05,0.08,52,reviewed,us,us
2026-02-18T01:23:50.697Z,51.683,-172.3,5,3.7,ml,13,352,2.3,0.6,ak,aka2026dkfqvd,2026-02-18T05:47:41.851Z,"142 km ESE of Atka, Alaska",earthquake,58,0,0.1,11,reviewed,ak,ak
2026-02-18T00:45:29.130Z,-14.2467,166.6113,10,5,mb,43,104,1.323,0.7,us,us6000s9we,2026-02-18T04:53:58.040Z,"101 km NNW of Port-Olry, Vanuatu",earthquake,6.59,1.86,0.09,39,reviewed,us,us
2026-02-18T00:19:13.731Z,15.6813,-98.2645,10,4.8,mww,60,171,3.731,0.76,us,us6000s9wb,2026-02-18T04:21:51.381Z,"62 km S of Corralero, Mexico",earthquake,11.32,1.947,0.068,21,reviewed,us,us
2026-02-17T23:17:00.424Z,51.7184,-175.9052,55.715,4,mb,44,119,0.269,0.51,us,us6000s9w6,2026-02-18T03:32:43.040Z,"53 km ESE of Adak, Alaska",earthquake,7.2,7.531,0.098,28,reviewed,us,us
2026-02-17T23:12:44.975Z,50.9635,-177.951,10,4.6,mb,63,180,0.794,0.83,us,us6000s9w4,2026-02-18T05:29:11.716Z,"136 km SW of Adak, Alaska",earthquake,4.57,1.879,0.045,149,reviewed,us,us
2026-02-17T22:32:01.875Z,51.489,-175.685,29,3.2,ml,22,228,0.5,0.5,ak,ak2026djzyiw,2026-02-19T06:28:54.532Z,"78 km ESE of Adak, Alaska",earthquake,9.6,3.712,0.1,17,reviewed,ak,ak
2026-02-17T22:21:56.362Z,51.324,-178.174,12.7,2.7,ml,20,229,0.5,0.3,ak,ak2026djzptf,2026-02-19T06:26:57.523Z,"123 km WSW of Adak, Alaska",earthquake,7.4,2.4459,0.1,14,reviewed,ak,ak
2026-02-17T21:21:40.160Z,18.074833333333,-67.589166666667,20.54,2.58,md,6,308,0.4613,0.24,pr,pr71508168,2026-02-17T21:44:13.850Z,"42 km W of Puerto Real, Puerto Rico",earthquake,1.45,18.32,0.18326963282274,5,reviewed,pr,pr
2026-02-17T20:37:57.050Z,51.988,-173.803,84.9,3,ml,18,198,0.3,0.7,ak,ak2026djwedp,2026-02-19T06:09:48.878Z,"35 km SE of Atka, Alaska",earthquake,40.9,9.1773,0.3,13,reviewed,ak,ak
2026-02-17T20:35:02.473Z,51.845,177.314,69,3.5,ml,20,186,0.7,0.8,ak,ak2026djwbsn,2026-02-19T06:08:26.500Z,"Rat Islands, Aleutian Islands, Alaska",earthquake,29.7,12.2089,0.1,14,reviewed,ak,ak
2026-02-17T20:01:39.110Z,51.6433,159.0054,47.516,4.5,mb,40,145,1.399,0.82,us,us6000s9uy,2026-02-17T20:46:22.040Z,"149 km SSE of Vilyuchinsk, Russia",earthquake,9.83,6.293,0.091,35,reviewed,us,us
2026-02-17T19:33:31.080Z,37.080001831055,-121.5881652832,23.290000915527,2.73,md,4,139,0.05209,0,nc,nc75315327,2026-02-17T19:57:20.114Z,"2 km ESE of San Martin, CA",earthquake,2.39,4.42000008,0.2,9,automatic,nc,nc
2026-02-17T19:24:21.762Z,-0.0649,124.646,84.3,4.6,mb,74,63,6.87,1.15,us,us6000s9uj,2026-02-17T20:28:59.040Z,"61 km SSE of Modisi, Indonesia",earthquake,10.92,8.092,0.065,71,reviewed,us,us
2026-02-17T18:57:13.590Z,33.893,-116.86883333333,13.98,3.6,ml,131,21,0.07346,0.19,ci,ci41187255,2026-02-20T20:45:51.963Z,"4 km S of Banning, CA",earthquake,0.11,0.24,0.1723038372405,286,reviewed,ci,ci
2026-02-17T18:00:52.572Z,-8.2889,108.1016,83.7,5,mb,63,96,0.935,0.7,us,us6000s9u1,2026-02-18T01:21:34.394Z,"101 km S of Kawalu, Indonesia",earthquake,6.79,6.753,0.076,55,reviewed,us,us
2026-02-17T17:53:42.323Z,54.547,-160.01,7.5,3,ml,22,238,1.2,0.6,ak,ak2026djqrul,2026-02-19T05:40:28.515Z,"93 km SSE of Sand Point, Alaska",earthquake,9.2,8.081,0.1,17,reviewed,ak,ak
2026-02-17T17:30:50.391Z,0.4152,121.7002,123.983,4.5,mb,52,77,5.733,0.72,us,us6000s9tz,2026-02-17T18:09:36.040Z,"152 km W of Gorontalo, Indonesia",earthquake,6.81,6.77,0.089,37,reviewed,us,us
2026-02-17T17:15:14.821Z,60.923,-151.319,71.9,2.8,ml,103,21,0.2,0.9,ak,ak2026djpllm,2026-02-19T05:35:22.880Z,"18 km SSW of Tyonek, Alaska",earthquake,2.2,1.9344,0.2,61,reviewed,ak,ak
2026-02-17T16:35:25.790Z,51.978,-176.1094,144.547,3.7,mb,53,159,0.043,0.3,us,us6000sa4f,2026-02-19T17:13:23.040Z,"37 km ENE of Adak, Alaska",earthquake,6.63,4.009,0.115,20,reviewed,us,us
2026-02-17T16:31:26.650Z,43.8633,16.9327,27.478,4.6,mb,144,15,2.226,0.64,us,us6000s9sn,2026-02-17T19:56:14.252Z,"7 km NW of Livno, Bosnia and Herzegovina",earthquake,4.71,4.43,0.049,122,reviewed,us,us
2026-02-17T16:06:12.302Z,54.5304,-160.4268,21.796,3,ml,56,215,1.038,0.96,us,us6000sa2w,2026-02-19T16:39:41.040Z,"89 km S of Sand Point, Alaska",earthquake,6.06,14.518,0.077,22,reviewed,us,us
2026-02-17T15:35:32.762Z,-21.8857,-68.6112,112.99,4.6,mb,47,49,0.593,0.98,us,us6000s9sc,2026-02-17T15:59:06.040Z,"70 km NNE of Calama, Chile",earthquake,3.59,6.25,0.074,55,reviewed,us,us
2026-02-17T15:11:16.355Z,-23.5624,179.9619,549.025,4.9,mb,131,41,6.058,0.99,us,us6000s9sa,2026-02-17T15:28:16.040Z,"south of the Fiji Islands",earthquake,11.01,7.89,0.036,242,reviewed,us,us
2026-02-17T15:05:15.537Z,22.1473,100.8112,10,4.7,mb,93,47,1.952,0.54,us,us6000s9s9,2026-02-18T17:19:45.040Z,"19 km NNE of Jinghong, China",earthquake,5.55,2.592,0.063,81,reviewed,us,us
2026-02-17T14:26:43.367Z,54.3876,-159.8447,34.652,2.7,ml,34,226,1.397,0.38,us,us6000sa26,2026-02-19T15:32:17.040Z,"113 km SSE of Sand Point, Alaska",earthquake,4.63,13.17,0.083,19,reviewed,us,us
2026-02-17T14:20:32.431Z,4.4436,128.2123,19.096,4.6,mb,90,85,3.697,0.48,us,us6000s9s7,2026-02-17T20:32:19.040Z,"north of Halmahera, Indonesia",earthquake,3.92,4.231,0.058,89,reviewed,us,us
2026-02-17T14:16:26.225Z,-12.5469,-74.6168,85.472,4.2,mb,36,111,2.245,0.81,us,us6000s9s1,2026-02-18T00:01:47.353Z,"9 km W of Paucarbamba, Peru",earthquake,11.87,9.024,0.093,32,reviewed,us,us
2026-02-17T12:47:39.654Z,54.453,-159.904,34.3,2.7,ml,19,269,1.3,0.6,ak,ak2026djgovz,2026-02-18T23:05:51.801Z,"105 km SSE of Sand Point, Alaska",earthquake,22.8,39.3035,0.1,11,reviewed,ak,ak
2026-02-17T12:41:51.638Z,-5.7102,133.6881,10,4.4,mb,23,83,3.122,0.51,us,us6000s9rx,2026-02-18T09:37:08.040Z,"104 km E of Tual, Indonesia",earthquake,6.45,1.901,0.131,17,reviewed,us,us
2026-02-17T11:20:49.340Z,18.1946,-68.5491,146,3.73,md,15,209,0.3607,0.34,pr,pr2026048000,2026-02-18T09:15:40.040Z,"21 km SSE of Boca de Yuma, Dominican Republic",earthquake,3.02,1.4,0.1,7,reviewed,pr,pr
2026-02-17T11:03:16.493Z,60.5667,-139.9117,1.612,2.7,ml,24,74,0.502,0.71,us,us6000s9rl,2026-02-18T22:58:24.242Z,"114 km N of Yakutat, Alaska",earthquake,1.92,9.971,0.044,68,reviewed,us,us
2026-02-17T10:57:15.805Z,-7.4753,128.2356,158.951,4.6,mb,52,97,3.37,0.44,us,us6000s9rj,2026-02-17T11:26:10.040Z,"178 km NE of Lospalos, Timor Leste",earthquake,9.8,7.978,0.083,43,reviewed,us,us
2026-02-17T10:08:56.409Z,43.4847,77.7954,10,4.5,mb,38,94,1.241,0.78,us,us6000s9r8,2026-02-19T05:41:20.938Z,"18 km ENE of Turgen, Kazakhstan",earthquake,6.89,1.879,0.103,28,reviewed,us,us
2026-02-17T09:35:54.020Z,40.893333435059,-124.41733551025,18.979999542236,2.82,md,15,304,0.3038,0.15,nc,nc75315017,2026-02-18T08:59:08.040Z,"24 km NW of Bayview, CA",earthquake,6.84,1.13,0.1,4,automatic,nc,nc
2026-02-17T08:45:37.372Z,61.741,-149.9,29.8,2.5,ml,70,35,0.3,0.8,ak,ak2026diyohq,2026-02-18T22:21:04.506Z,"7 km E of Willow, Alaska",earthquake,1.8,1.4783,0.1,41,reviewed,ak,ak
2026-02-17T08:09:58.060Z,49.4016,155.6839,63.097,4.5,mb,47,167,3.921,0.68,us,us6000s9qz,2026-02-18T08:57:51.040Z,"145 km SSW of Severo-Kuril’sk, Russia",earthquake,13.08,9.43,0.084,41,reviewed,us,us
2026-02-17T08:04:05.920Z,40.9082,143.2676,10,4.4,mb,42,178,1.109,1.12,us,us6000s9qt,2026-02-18T08:28:55.040Z,"138 km SSE of Honchō, Japan",earthquake,5.99,1.602,0.103,27,reviewed,us,us
2026-02-17T07:46:43.669Z,31.889,-102.404,6.1768,2.5,ml,27,78,0.1,0.1,tx,tx2026diwpoh,2026-02-18T05:51:04.535Z,"5 km NW of Odessa, Texas",earthquake,0.58151091995926,0.80995005276381,0,7,reviewed,tx,tx
2026-02-17T07:25:16.209Z,43.9417,148.8641,10,4.3,mb,48,181,4.526,1.05,us,us6000s9qg,2026-02-17T08:39:09.040Z,"162 km SSE of Kuril’sk, Russia",earthquake,10.74,1.944,0.084,40,reviewed,us,us
2026-02-17T06:59:14.926Z,52.0268,-174.8391,104.948,2.6,ml,9,201,0.433,0.47,us,us6000sa1t,2026-02-20T09:14:49.040Z,"47 km WSW of Atka, Alaska",earthquake,9.12,8.418,0.148,6,reviewed,us,us
2026-02-17T06:25:20.393Z,31.669,-104.115,6.0999,2.5,ml,39,47,0,0.2,tx,tx2026diturg,2026-02-17T14:23:38.943Z,"49 km W of Mentone, Texas",earthquake,0.33716024734932,0.36830957442848,0,6,reviewed,tx,tx
2026-02-17T06:16:51.280Z,53.7336,-165.0631,53.006,2.7,ml,17,221,0.532,0.3,us,us6000s9q1,2026-02-18T09:36:25.040Z,"64 km SE of Akutan, Alaska",earthquake,7.7,21.654,0.115,10,reviewed,us,us
2026-02-17T06:15:01.938Z,31.664,-104.122,6.7023,2.7,ml,34,64,0,0.2,tx,tx2026ditonn,2026-02-17T13:50:29.701Z,"49 km NW of Toyah, Texas",earthquake,0.50279055253633,0.62104170107715,0.1,16,reviewed,tx,tx
2026-02-17T06:01:17.150Z,31.667,-104.115,6.2152,3.6,ml,76,47,0,0.2,tx,tx2026ditcsc,2026-02-18T06:16:46.212Z,"49 km W of Mentone, Texas",earthquake,0.33174800755918,0.40506009494963,0.2,60,reviewed,tx,tx
2026-02-17T04:51:42.210Z,17.8715,-66.915833333333,10.91,2.62,md,9,248,0.1101,0.16,pr,pr71508123,2026-02-17T05:12:37.210Z,"11 km S of Guánica, Puerto Rico",earthquake,0.82,0.72,0.038424866181095,4,reviewed,pr,pr
2026-02-17T03:36:37.223Z,-57.3753,-30.2646,10,5.5,mww,88,58,17.746,0.94,us,us6000s9p3,2026-02-18T10:05:37.040Z,"South Sandwich Islands region",earthquake,11.17,1.808,0.08,15,reviewed,us,us
2026-02-17T03:28:07.564Z,62.814,-144.87,0.8,2.5,ml,42,37,0.3,0.6,ak,ak2026dioasn,2026-02-18T20:37:31.404Z,"29 km NNW of Chistochina, Alaska",earthquake,2.4,1.9694,0.1,31,reviewed,ak,ak
2026-02-17T03:13:49.580Z,33.1875,-115.59716666667,4.38,2.61,ml,55,44,0.01844,0.23,ci,ci41399176,2026-02-17T17:45:32.352Z,"9 km SW of Niland, CA",earthquake,0.21,0.32,0.16425250501573,92,reviewed,ci,ci
2026-02-17T02:30:12.049Z,40.9414,140.0852,160.132,4.5,mb,52,97,0.758,0.75,us,us6000s9ny,2026-02-17T02:46:28.040Z,"21 km NNW of Ajigasawa, Japan",earthquake,4.43,6.408,0.051,113,reviewed,us,us
2026-02-17T01:53:30.130Z,36.188167572021,-119.61033630371,18.280000686646,2.65,md,11,93,0.1289,0.28,nc,nc75314857,2026-02-17T02:22:21.166Z,"11 km NNW of Corcoran, CA",earthquake,1.32,1.28999996,0.11,7,automatic,nc,nc
2026-02-17T01:21:47.372Z,-30.7555,-71.3788,45.306,4.2,mwr,26,104,0.235,0.87,us,us6000s9nn,2026-02-17T01:32:26.040Z,"24 km SW of Ovalle, Chile",earthquake,3.2,6.795,0.053,34,reviewed,us,us
2026-02-17T00:52:50.700Z,34.008,-118.87016666667,10.05,2.82,ml,92,75,0.05271,0.25,ci,ci41399136,2026-02-19T04:36:16.174Z,"6 km W of Malibu, CA",earthquake,0.24,0.37,0.1468140753272,177,reviewed,ci,ci
2026-02-17T00:49:26.470Z,18.909,-66.121833333333,20.04,2.58,md,11,278,0.5778,0.3,pr,pr71508113,2026-02-17T01:50:50.890Z,"49 km N of San Juan, Puerto Rico",earthquake,1.47,26.45,0.041953146200729,4,reviewed,pr,pr
2026-02-17T00:19:41.430Z,36.662666320801,-121.32599639893,7.039999961853,2.85,md,65,28,0.0525,0.24,nc,nc75314812,2026-02-17T01:48:18.040Z,"14 km S of Tres Pinos, CA",earthquake,0.27,0.769999981,0.13,74,automatic,nc,nc
2026-02-16T23:47:21.263Z,-5.5874,133.7968,10,5.1,mb,58,65,3.067,0.41,us,us6000s9mt,2026-02-17T01:39:35.040Z,"115 km E of Tual, Indonesia",earthquake,5.18,1.796,0.072,63,reviewed,us,us
2026-02-16T22:57:44.651Z,37.7,22.4814,60.831,4.6,mb,55,80,0.683,0.65,us,us6000s9m8,2026-02-17T08:01:30.421Z,"16 km E of Levídion, Greece",earthquake,5.37,8.049,0.078,49,reviewed,us,us
2026-02-16T22:50:47.687Z,20.4779,93.9134,41.933,4.4,mb,44,63,1.185,0.52,us,us6000s9r0,2026-02-19T00:22:49.040Z,"99 km W of Yenangyaung, Burma (Myanmar)",earthquake,8.03,6.68,0.105,26,reviewed,us,us
2026-02-16T22:34:26.978Z,35.5951,-98.0584,10.332,3.1,mb_lg,17,94,0.172,0.42,us,us6000s9lx,2026-02-17T08:36:48.076Z,"5 km E of Calumet, Oklahoma",earthquake,1.5,6.087,0.064,64,reviewed,us,us
2026-02-16T22:34:14.433Z,-20.3578,-69.2848,110.803,4.2,mb,25,92,0.248,0.59,us,us6000s9ly,2026-02-17T06:41:27.773Z,"38 km E of La Tirana, Chile",earthquake,5.68,4.721,0.142,14,reviewed,us,us
2026-02-16T21:42:52.597Z,51.2724,157.6862,43,6,mww,162,43,1.839,0.62,us,us6000s9l2,2026-02-17T22:08:55.606Z,"86 km ESE of Ozernovskiy, Russia",earthquake,7.8,1.85,0.042,55,reviewed,us,us
2026-02-16T21:41:25.470Z,19.805666666667,-156.17733333333,6.59,2.66,ml,44,201,0.2138,0.22,hv,hv74900732,2026-02-17T01:02:45.500Z,"22 km WNW of Kalaoa, Hawaii",earthquake,0.68,0.51,0.24555515304042,19,reviewed,hv,hv
2026-02-16T21:24:57.425Z,-22.2285,-69.0753,103.375,5,mb,57,59,0.457,0.96,us,us6000s9kw,2026-02-20T20:09:15.040Z,"29 km NNW of Calama, Chile",earthquake,4.41,4.352,0.084,45,reviewed,us,us
2026-02-16T20:51:58.151Z,51.142,-168.9775,10,3.2,ml,16,244,1.8,0.76,us,us6000s9ln,2026-02-19T17:25:38.040Z,"200 km S of Nikolski, Alaska",earthquake,7.36,2.019,0.085,18,reviewed,us,us
2026-02-16T19:23:39.705Z,-11.586,166.3708,40,5.7,mww,78,51,3.922,0.78,us,us6000s9k6,2026-02-17T19:48:18.113Z,"114 km SSE of Lata, Solomon Islands",earthquake,10.02,1.955,0.056,31,reviewed,us,us
2026-02-16T18:50:45.670Z,40.5953,-119.5896,12.2843,2.77,ml,5,144,0.439,0.13,nn,nn00910901,2026-02-17T02:03:59.072Z,"20 km WSW of Gerlach, Nevada",earthquake,,1.8264,0.17,2,reviewed,nn,nn
2026-02-16T18:23:14.739Z,24.6437,122.0664,65.045,4.2,mwr,46,63,0.613,0.52,us,us6000s9jv,2026-02-16T20:51:06.761Z,"34 km ESE of Yilan, Taiwan",earthquake,4.38,5.579,0.073,18,reviewed,us,us
2026-02-16T17:52:56.298Z,40.9108,142.4543,54.718,4.5,mb,50,150,1.061,0.68,us,us6000s9je,2026-02-16T18:19:00.040Z,"92 km ENE of Hachinohe, Japan",earthquake,6.04,7.312,0.087,39,reviewed,us,us
2026-02-16T17:32:55.014Z,-17.7423,-13.2451,10,5.5,mww,55,62,7.396,0.7,us,us6000s9ii,2026-02-17T18:33:17.608Z,"southern Mid-Atlantic Ridge",earthquake,9.12,1.826,0.083,14,reviewed,us,us
2026-02-16T15:59:27.764Z,51.3171,-178.4682,42.554,2.5,ml,13,207,0.321,0.48,us,us6000s9m9,2026-02-17T16:25:27.040Z,"141 km WSW of Adak, Alaska",earthquake,3.53,8.564,0.115,10,reviewed,us,us
2026-02-16T15:42:39.873Z,51.238,-176.9115,33.215,3.1,ml,16,226,0.562,0.4,us,us6000s9m7,2026-02-17T16:23:03.040Z,"73 km SSW of Adak, Alaska",earthquake,3.92,15.604,0.105,12,reviewed,us,us
2026-02-16T14:52:55.060Z,-57.8668,-25.3827,27,5.7,mww,99,69,7.176,0.43,us,us6000s9i0,2026-02-17T15:25:45.483Z,"South Sandwich Islands region",earthquake,9.97,1.858,0.08,15,reviewed,us,us
2026-02-16T14:03:44.618Z,41.1652,-116.745,10.0005,2.75,ml,10,201,0.337,0.1331,nn,nn00910895,2026-02-17T20:07:03.745Z,"52 km NE of Valmy, Nevada",earthquake,,1.9585,0.19,8,reviewed,nn,nn
2026-02-16T13:32:13.957Z,27.5267,52.8545,10,4.1,mb,34,177,3.957,0.68,us,us6000s9hs,2026-02-16T15:30:40.040Z,"4 km SW of Mohr, Iran",earthquake,11.94,1.97,0.099,28,reviewed,us,us
2026-02-16T12:52:49.320Z,36.642833709717,-121.29350280762,5.960000038147,2.71,md,64,26,0.03616,0.26,nc,nc75314587,2026-02-17T07:50:27.040Z,"17 km S of Tres Pinos, CA",earthquake,0.26,0.959999979,0.17,55,automatic,nc,nc
2026-02-16T12:36:42.220Z,17.955166666667,-66.820833333333,11.88,2.62,md,11,171,0.04833,0.23,pr,pr71508083,2026-02-16T12:53:55.580Z,"4 km S of Indios, Puerto Rico",earthquake,0.73,0.89,0.042444566179862,5,reviewed,pr,pr
2026-02-16T11:49:40.318Z,57.047,-157.536,4.3,2.5,ml,37,145,0.3,0.5,ak,ak2026dhiyan,2026-02-17T12:37:13.193Z,"52 km S of Ugashik, Alaska",earthquake,7.4,1.9878,0.3,23,reviewed,ak,ak
2026-02-16T11:42:15.146Z,-8.5475,118.2586,133.657,4.9,mb,41,44,0.552,0.9,us,us6000s9hg,2026-02-16T11:56:59.040Z,"22 km W of Dompu, Indonesia",earthquake,8.1,5.968,0.12,22,reviewed,us,us
2026-02-16T10:50:11.452Z,51.2826,-169.2668,10,3.8,mb,36,232,1.532,0.66,us,us6000s9hy,2026-02-17T07:43:08.040Z,"186 km S of Nikolski, Alaska",earthquake,7.93,2.009,0.154,11,reviewed,us,us
2026-02-16T10:15:38.905Z,60.4704,-139.8766,5,3.1,ml,25,64,0.42,1.14,us,us6000s9ha,2026-02-17T12:29:34.481Z,"103 km N of Yakutat, Alaska",earthquake,2.55,1.975,0.04,84,reviewed,us,us
2026-02-16T09:19:39.585Z,-30.8118,-71.4338,43.809,4.8,mb,59,123,0.221,0.7,us,us6000s9h5,2026-02-16T17:28:52.040Z,"32 km SW of Ovalle, Chile",earthquake,6.89,7.27,0.056,98,reviewed,us,us
2026-02-16T08:09:37.751Z,63.264,-145.003,9.7,2.7,ml,41,39,0.5,0.7,ak,ak2026dhbqkl,2026-02-16T23:25:29.607Z,"36 km ENE of Paxson, Alaska",earthquake,2.9,2.2592,0.3,28,reviewed,ak,ak
2026-02-16T08:04:26.781Z,-40.7325,174.574,78.905,4.6,mb,28,49,0.584,0.62,us,us6000s9h1,2026-02-16T16:55:48.176Z,"40 km WNW of Raumati Beach, New Zealand",earthquake,4.17,6.318,0.182,9,reviewed,us,us
2026-02-16T07:36:35.453Z,-6.1053,147.1667,63.42,4.6,mb,60,41,3.278,0.73,us,us6000s9h0,2026-02-16T14:16:05.040Z,"70 km NNE of Lae, Papua New Guinea",earthquake,7.56,7.241,0.075,54,reviewed,us,us
2026-02-16T07:30:43.965Z,31.629,-104.365,6.0999,3.1,ml,38,69,0.1,0.2,tx,tx2026dhaili,2026-02-16T14:02:23.131Z,"60 km S of Whites City, New Mexico",earthquake,0.90097286896614,0.60868232325798,0.1,24,reviewed,tx,tx
2026-02-16T07:19:13.528Z,-46.5886,165.4984,10,4.4,mb,20,96,0.921,0.9,us,us6000s9gu,2026-02-16T15:26:14.040Z,"195 km W of Riverton, New Zealand",earthquake,3.64,1.819,0.203,7,reviewed,us,us
2026-02-16T07:16:28.368Z,51.334,-178.176,23.9,2.6,ml,17,235,0.5,0.4,ak,ak2026dgzwqs,2026-02-16T23:28:10.620Z,"122 km WSW of Adak, Alaska",earthquake,8.3,11.5539,0.1,7,reviewed,ak,ak
2026-02-16T07:14:32.081Z,41.0208,78.4374,10,4.6,mb,66,165,2.433,0.6,us,us6000s9gt,2026-02-16T15:06:47.040Z,"138 km NNW of Tumxuk, China",earthquake,9.03,1.953,0.068,65,reviewed,us,us
2026-02-16T07:05:21.540Z,31.629,-104.364,6.0999,3.5,ml,45,69,0.1,0.2,tx,tx2026dgzmvn,2026-02-17T07:23:01.259Z,"60 km S of Whites City, New Mexico",earthquake,1.3756002966427,0.72036374196382,0.1,27,reviewed,tx,tx
2026-02-16T06:00:39.462Z,-0.4327,99.2638,59.563,5,mb,72,66,2.411,0.88,us,us6000s9gm,2026-02-16T06:19:44.040Z,"97 km WNW of Pariaman, Indonesia",earthquake,7.7,6.958,0.07,65,reviewed,us,us
2026-02-16T04:59:57.384Z,40.3204,142.3565,51.667,4.6,mb,68,137,1.09,0.76,us,us6000s9gh,2026-02-16T05:21:59.040Z,"51 km ENE of Noda, Japan",earthquake,6.51,7.244,0.067,66,reviewed,us,us
2026-02-16T04:58:33.466Z,31.659,-104.327,6.8304,2.6,ml,30,68,0.1,0.1,tx,tx2026dgvemo,2026-02-16T13:01:34.348Z,"57 km S of Whites City, New Mexico",earthquake,0.64036293665441,0.64469570913803,0,6,reviewed,tx,tx
2026-02-16T04:54:23.230Z,19.074166666667,-155.35916666667,34.68,2.93,ml,40,237,0.1265,0.13,hv,hv74900282,2026-02-17T17:58:26.110Z,"19 km SE of Pāhala, Hawaii",earthquake,0.62,0.58,0.16387536992101,29,reviewed,hv,hv
2026-02-16T04:31:53.069Z,54.702,-156.698,44.1,2.7,ml,16,300,2,0.5,ak,ak2026dgulec,2026-02-16T23:55:23.040Z,"205 km SE of Perryville, Alaska",earthquake,24.4,65.4641,0.3,7,reviewed,ak,ak
2026-02-16T04:13:35.420Z,35.6175,-98.03916667,6.31,3.6,mwr,97,49,0,0.11,ok,ok2026dgjn,2026-02-17T04:24:35.905Z,"7 km ENE of Calumet, Oklahoma",earthquake,,0.2,,36,reviewed,ok,us
2026-02-16T03:58:09.491Z,-35.2327,-111.5735,10,5.1,mb,47,162,31.511,0.59,us,us6000s9g6,2026-02-16T04:17:50.040Z,"southern East Pacific Rise",earthquake,11.36,1.793,0.047,147,reviewed,us,us
2026-02-16T03:56:12.636Z,51.4312,-179.7902,59.672,2.7,ml,17,186,0.571,0.4,us,us6000s9kt,2026-02-16T23:50:52.040Z,"223 km WSW of Adak, Alaska",earthquake,4.42,8.229,0.097,14,reviewed,us,us
2026-02-16T03:08:52.163Z,40.5855,-119.6538,3.5921,3.15,ml,6,290,0.42,0.1847,nn,nn00910880,2026-02-17T03:41:00.107Z,"26 km WSW of Gerlach, Nevada",earthquake,,6.3279,0.41,3,reviewed,nn,nn
2026-02-16T03:02:42.408Z,-25.365,-178.0749,270.983,5.2,mb,71,47,8.394,0.78,us,us6000s9g0,2026-02-16T03:19:00.040Z,"south of the Fiji Islands",earthquake,10.75,7.583,0.052,122,reviewed,us,us
2026-02-16T01:36:10.496Z,17.1221,120.2595,52.539,4.8,mb,69,105,5.718,0.78,us,us6000s9fv,2026-02-16T02:22:09.094Z,"18 km WSW of Calongbuyan, Philippines",earthquake,10.23,7.207,0.068,69,reviewed,us,us
2026-02-16T00:53:16.149Z,-9.0693,-75.4134,10,4.7,mb,77,115,3.222,0.62,us,us6000s9ft,2026-02-16T01:28:58.040Z,"34 km SW of San Alejandro, Peru",earthquake,11.47,1.897,0.063,77,reviewed,us,us
2026-02-16T00:27:10.243Z,-41.1623,175.1298,31.449,3.4,ml,21,79,0.353,0.59,us,us6000s9hx,2026-02-16T14:48:41.638Z,"6 km SSE of Maoribank, New Zealand",earthquake,3.17,8.086,0.059,38,reviewed,us,us
2026-02-16T00:20:10.455Z,51.2456,-169.1783,10,3.2,ml,26,243,1.58,0.55,us,us6000s9k9,2026-02-16T22:36:03.040Z,"189 km S of Nikolski, Alaska",earthquake,7.38,2.017,0.115,10,reviewed,us,us
2026-02-16T00:15:03.068Z,51.1857,-169.2197,33.146,4,mb,28,242,1.633,0.81,us,us6000s9fp,2026-02-16T22:29:32.040Z,"196 km S of Nikolski, Alaska",earthquake,8.85,4.697,0.09,33,reviewed,us,us
2026-02-15T23:55:23.048Z,37.0068,-2.297,10,4.2,mb,26,95,3.005,0.98,us,us6000s9fm,2026-02-16T07:31:01.505Z,"3 km SW of Turrillas, Spain",earthquake,8.35,1.948,0.159,11,reviewed,us,us
2026-02-15T23:10:38.244Z,-4.7359,143.1769,90.131,4.5,mb,45,91,3.311,0.56,us,us6000s9fi,2026-02-15T23:47:03.040Z,"69 km SE of Ambunti, Papua New Guinea",earthquake,7.58,7.741,0.091,35,reviewed,us,us
2026-02-15T23:05:34.890Z,51.1666,-169.218,10,4.1,mb,35,187,1.652,0.78,us,us6000s9gl,2026-02-16T21:25:29.040Z,"198 km S of Nikolski, Alaska",earthquake,9.23,1.97,0.112,22,reviewed,us,us
2026-02-15T22:52:14.138Z,51.2216,-169.2014,10,4.1,mb,83,185,1.6,0.99,us,us6000s9gi,2026-02-16T06:19:46.040Z,"192 km S of Nikolski, Alaska",earthquake,7.12,1.937,0.066,62,reviewed,us,us
2026-02-15T22:18:27.440Z,19.1441,-64.3763,45,3.91,md,24,296,0.7683,0.49,pr,pr2026046001,2026-02-15T22:59:26.040Z,"100 km NNE of Cruz Bay, U.S. Virgin Islands",earthquake,4.41,12.07,0.14,16,reviewed,pr,pr
2026-02-15T21:04:10.020Z,38.813667297363,-122.81583404541,1.2699999809265,2.53,md,44,50,0.01071,0.05,nc,nc75314372,2026-02-15T21:07:39.210Z,"7 km NW of The Geysers, CA",earthquake,0.13,0.200000003,0.18,49,automatic,nc,nc
2026-02-15T20:54:37.098Z,-15.1196,-173.3102,10,5.3,mb,53,61,2.795,0.68,us,us6000s9f6,2026-02-15T21:13:37.040Z,"106 km NNE of Hihifo, Tonga",earthquake,10.97,1.868,0.03,373,reviewed,us,us
2026-02-15T20:11:44.327Z,53.737,-165.662,91.2,2.6,ml,31,200,0.4,0.5,ak,ak2026dgdvux,2026-02-18T04:49:48.510Z,"44 km S of Akutan, Alaska",earthquake,29.7,7.4823,0.2,25,reviewed,ak,ak
2026-02-15T19:39:18.898Z,9.1031,39.8944,10,4.6,mb,38,111,3.776,0.48,us,us6000s9gv,2026-02-16T16:39:14.040Z,"22 km N of Metahāra, Ethiopia",earthquake,9.53,1.876,0.107,26,reviewed,us,us
2026-02-15T18:28:44.061Z,51.262,-169.244,10,4.3,mb,51,186,1.729,0.81,us,us6000s9ey,2026-02-16T05:08:08.488Z,"188 km S of Nikolski, Alaska",earthquake,7.47,1.942,0.054,95,reviewed,us,us
2026-02-15T17:43:07.385Z,60.5747,-139.7347,5,2.7,ml,22,81,0.545,0.67,us,us6000s9es,2026-02-18T02:27:54.886Z,"114 km N of Yakutat, Alaska",earthquake,2.95,1.975,0.056,42,reviewed,us,us
2026-02-15T17:30:16.505Z,53.9135,-165.1133,57.813,3.6,mb,25,193,0.518,0.3,us,us6000s9ep,2026-02-18T02:27:06.716Z,"49 km ESE of Akutan, Alaska",earthquake,7.59,13.764,0.249,4,reviewed,us,us
2026-02-15T16:24:32.887Z,55.2134,-160.5108,35,3.2,ml,17,208,0.884,0.8,us,us6000s9ej,2026-02-15T17:20:20.201Z,"13 km S of Sand Point, Alaska",earthquake,7.07,2.017,0.074,24,reviewed,us,us
2026-02-15T15:58:48.801Z,48.3271,154.5612,54.981,6,mww,60,76,5.372,0.65,us,us6000s9ei,2026-02-16T16:27:37.943Z,"284 km SSW of Severo-Kuril’sk, Russia",earthquake,10.62,6.834,0.061,26,reviewed,us,us
2026-02-15T15:29:31.230Z,60.538,-140.114,5,2.6,ml,24,60,0.4,1,ak,ak2026dfumow,2026-02-18T01:46:23.665Z,"112 km N of Yakutat, Alaska",earthquake,4.1,0,0.1,19,reviewed,ak,ak
2026-02-15T14:39:20.400Z,51.377,178.737,40.4,2.8,ml,10,257,0.4,0.3,ak,ak2026dfsvjp,2026-02-18T01:37:30.611Z,"Rat Islands, Aleutian Islands, Alaska",earthquake,12.4,7.7558,0.1,7,reviewed,ak,ak
2026-02-15T14:23:59.341Z,60.598,-153.208,158.2,2.5,ml,91,45,0.1,0.7,ak,ak2026dfsibp,2026-02-18T19:56:59.000Z,"75 km NE of Port Alsworth, Alaska",earthquake,3.2,1.6424,0.3,61,reviewed,ak,ak
2026-02-15T13:53:17.803Z,51.416,-178.972,6.4,3.1,ml,27,195,0.2,0.8,ak,ak2026dfrhqr,2026-02-18T01:24:31.295Z,"169 km WSW of Adak, Alaska",earthquake,5.6,2.239,0.1,19,reviewed,ak,ak
2026-02-15T13:44:06.602Z,-11.4831,117.9622,10,4.9,mb,54,63,2.645,0.5,us,us6000s9e5,2026-02-15T14:05:13.040Z,"266 km SSW of Tambolaka, Indonesia",earthquake,7.99,1.829,0.086,43,reviewed,us,us
2026-02-15T13:19:35.843Z,51.735,178.876,96.4,3.1,ml,23,147,0.3,0.4,ak,ak2026dfqepl,2026-02-18T01:18:02.544Z,"Rat Islands, Aleutian Islands, Alaska",earthquake,13.7,2.9988,0.3,15,reviewed,ak,ak
2026-02-15T13:18:54.340Z,66.012,-151.737,15.2,2.7,ml,49,81,0.8,0.8,ak,ak2026dfqeij,2026-02-18T01:15:17.533Z,"71 km SE of New Allakaket, Alaska",earthquake,3.1,4.1921,0.1,34,reviewed,ak,ak
2026-02-15T13:14:44.750Z,19.5395,-66.2755,37,3.5,md,12,283,1.2454,0.08,pr,pr2026046000,2026-02-15T14:51:25.893Z,"118 km N of Brenas, Puerto Rico",earthquake,0.99,7.28,0.05,8,reviewed,pr,pr
2026-02-15T12:46:02.903Z,-2.7274,140.6332,10,4.4,mb,22,141,0.223,1.42,us,us6000s9e0,2026-02-15T13:45:36.040Z,"14 km S of Abepura, Indonesia",earthquake,6.68,1.766,0.143,14,reviewed,us,us
2026-02-15T12:37:16.930Z,18.582166666667,-66.8885,12.51,2.7,md,11,225,0.2401,0.12,pr,pr71508053,2026-02-15T13:12:31.680Z,"11 km NNW of Camuy, Puerto Rico",earthquake,0.59,0.41,0.087001432992693,4,reviewed,pr,pr
2026-02-15T12:32:37.860Z,60.1,-151.304,73.1,3.4,ml,203,46,0.4,0.9,ak,ak2026dfoqee,2026-02-15T17:11:57.903Z,"15 km SSE of Clam Gulch, Alaska",earthquake,1.6,1.6736,0.3,121,reviewed,ak,ak
2026-02-15T12:24:33.356Z,51.5013,159.5427,36.505,4.7,mb,72,132,1.62,0.87,us,us6000s9dx,2026-02-15T12:40:37.040Z,"177 km SSE of Vilyuchinsk, Russia",earthquake,9.76,6.887,0.063,78,reviewed,us,us
2026-02-15T12:00:19.790Z,17.952666666667,-66.827833333333,12.9,2.56,md,22,173,0.04323,0.24,pr,pr71508043,2026-02-15T12:26:07.070Z,"4 km S of Indios, Puerto Rico",earthquake,0.61,0.36,0.047957317015065,4,reviewed,pr,pr
2026-02-15T11:30:37.910Z,19.158333333333,-155.45716666667,32.64,2.7,ml,40,169,0.005504,0.11,hv,hv74899862,2026-02-18T02:14:17.470Z,"5 km SSE of Pāhala, Hawaii",earthquake,0.43,0.57,0.15900232397911,31,reviewed,hv,hv
2026-02-15T10:50:08.189Z,34.31833333,-97.1655,19.62,3.12,ml,80,52,0,0.44,ok,ok2026dfbc,2026-02-16T11:05:09.659Z,"2 km WNW of Springer, Oklahoma",earthquake,,1.1,0.27,29,reviewed,ok,ok
2026-02-15T10:18:06.720Z,-21.2187,-68.8818,120.268,4.6,mb,33,70,0.592,0.96,us,us6000s9dj,2026-02-15T13:25:43.040Z,"65 km W of Ollagüe, Chile",earthquake,7.22,5.485,0.109,25,reviewed,us,us
2026-02-15T09:50:24.180Z,40.335666656494,-124.94850158691,-0.47999998927116,2.81,md,27,271,0.4657,0.28,nc,nc75314192,2026-02-15T13:21:46.040Z,"56 km W of Petrolia, CA",earthquake,3.77,8.18999958,0.12,9,automatic,nc,nc
2026-02-15T09:40:49.796Z,51.493,-178.138,12,2.7,ml,20,206,0.3,0.8,ak,ak2026dfiydy,2026-02-17T20:48:48.881Z,"112 km WSW of Adak, Alaska",earthquake,6.2,3.7282,0.3,13,reviewed,ak,ak
2026-02-15T09:37:58.444Z,51.6194,159.6086,32.023,4.1,mb,21,167,1.524,0.62,us,us6000s9df,2026-02-15T13:19:05.040Z,"167 km SSE of Vilyuchinsk, Russia",earthquake,10.39,8.368,0.135,15,reviewed,us,us
2026-02-15T09:37:03.068Z,0.2071,-80.7404,10,4.2,mb,20,111,2.246,0.95,us,us6000s9de,2026-02-15T13:15:23.040Z,"78 km W of Pedernales, Ecuador",earthquake,5.7,1.957,0.152,12,reviewed,us,us
2026-02-15T09:14:50.944Z,-18.194,-69.6828,112.535,4.2,mb,19,144,0.218,1.08,us,us6000s9dc,2026-02-15T13:11:32.040Z,"54 km SSE of Palca, Peru",earthquake,8.19,5.611,0.132,16,reviewed,us,us
2026-02-15T08:52:30.186Z,53.987,-174.451,0.3,3.3,ml,18,243,1.6,0.7,ak,ak2026dfhios,2026-02-17T07:20:26.799Z,"200 km N of Atka, Alaska",earthquake,21.3,10.4834,0.4,6,reviewed,ak,ak
2026-02-15T08:40:03.532Z,51.199,-175.888,18.6,2.5,ml,15,251,0.7,0.3,ak,ak2026dfgxtg,2026-02-17T06:31:16.563Z,"91 km SE of Adak, Alaska",earthquake,7.9,6.3893,0.2,6,reviewed,ak,ak
2026-02-15T08:34:27.636Z,50.515,-176.253,10,2.9,ml,16,286,1.4,0.3,ak,ak2026dfgsxm,2026-02-17T05:23:12.343Z,"153 km S of Adak, Alaska",earthquake,19.8,10.37,0.1,6,reviewed,ak,ak
2026-02-15T08:29:03.550Z,40.345666666667,-124.93766666667,10.08,2.72,md,76,260,0.4586,0.21,nc,nc75314147,2026-02-16T23:27:18.992Z,"55 km W of Petrolia, CA",earthquake,0.51,1.4,0.266,47,reviewed,nc,nc
2026-02-15T07:21:09.855Z,4.1111,128.1753,38.595,4.6,mb,42,112,3.913,0.79,us,us6000s9cs,2026-02-15T08:12:40.040Z,"264 km N of Tobelo, Indonesia",earthquake,11.84,5.958,0.079,48,reviewed,us,us
2026-02-15T06:45:52.260Z,18.933833333333,-65.228166666667,34.44,3.36,md,20,241,0.6331,0.28,pr,pr71508023,2026-02-15T11:26:32.162Z,"70 km N of Culebra, Puerto Rico",earthquake,1.15,5.69,0.063632923099301,10,reviewed,pr,pr
2026-02-15T06:14:42.668Z,-4.3562,102.3859,66.131,5,mb,57,176,0.568,0.76,us,us6000s9ci,2026-02-15T06:30:50.040Z,"62 km SSE of Bengkulu, Indonesia",earthquake,8.9,6.98,0.08,50,reviewed,us,us
2026-02-15T06:03:14.818Z,-16.2291,-71.6166,130.55,5,mb,46,135,2.453,1.25,us,us6000s9ch,2026-02-20T14:38:50.040Z,"7 km ENE of Yura, Peru",earthquake,8.13,7.179,0.036,243,reviewed,us,us
2026-02-15T05:32:29.111Z,-21.7787,-68.6576,131.589,4.3,mb,33,60,0.543,0.7,us,us6000s9bv,2026-02-15T07:35:39.040Z,"74 km SW of Ollagüe, Chile",earthquake,6.32,5.294,0.109,24,reviewed,us,us
2026-02-15T04:40:22.166Z,59.943,-141.54,12.8,2.6,ml,41,155,0.3,0.8,ak,ak2026deyzga,2026-02-17T01:28:23.778Z,"111 km WNW of Yakutat, Alaska",earthquake,3.7,1.8198,0.2,25,reviewed,ak,ak
2026-02-15T03:35:43.950Z,17.8775,-68.498333333333,32.7,3.43,md,23,232,0.6433,0.33,pr,pr71508013,2026-02-15T04:56:18.040Z,"56 km SSE of Boca de Yuma, Dominican Republic",earthquake,1.87,9.04,0.016094930248493,7,reviewed,pr,pr
2026-02-15T02:52:29.530Z,36.3265,139.4663,75.911,4.1,mb,23,147,1.036,1.28,us,us6000s9cj,2026-02-15T06:50:19.418Z,"1 km ESE of Ashikaga, Japan",earthquake,8.34,7.543,0.15,13,reviewed,us,us
2026-02-15T02:27:58.649Z,35.07033333,-97.602,6.23,2.55,ml,88,56,0,0.19,ok,ok2026dekn,2026-02-15T16:51:28.012Z,"4 km SW of Cole, Oklahoma",earthquake,,0.3,0.25,42,reviewed,ok,ok
2026-02-15T00:39:54.951Z,56.384,-158.401,81.4,2.5,ml,17,184,0.1,0.2,ak,ak2026deqzzx,2026-02-17T00:45:27.772Z,"9 km N of Chignik, Alaska",earthquake,16.7,4.0195,0.3,8,reviewed,ak,ak
2026-02-14T22:58:11.144Z,36.5038,70.2425,209.51,4.3,mb,44,158,2.181,1.03,us,us6000s99m,2026-02-15T03:27:49.040Z,"35 km ESE of Farkhār, Afghanistan",earthquake,8,7.964,0.109,24,reviewed,us,us
2026-02-14T21:33:55.431Z,39.2692,22.2204,10,4.4,mb,41,93,0.264,0.8,us,us6000s99g,2026-02-15T02:53:50.040Z,"5 km NW of Néon Monastírion, Greece",earthquake,4.94,1.912,0.204,7,reviewed,us,us
2026-02-14T21:20:48.548Z,41.1333,34.9572,10,3.9,mb,27,43,1.411,0.72,us,us6000s9cn,2026-02-15T15:16:31.868Z,"21 km NE of Osmancık, Turkey",earthquake,5.21,1.924,0.21,6,reviewed,us,us
2026-02-14T21:08:00.549Z,49.3905,155.0544,104.498,4.5,mb,51,184,4.076,0.58,us,us6000s99d,2026-02-15T02:01:53.040Z,"162 km SSW of Severo-Kuril’sk, Russia",earthquake,12.77,9.007,0.054,99,reviewed,us,us
2026-02-14T20:53:46.494Z,-0.2039,125.3116,50.162,4.3,mb,25,86,6.281,0.76,us,us6000s99a,2026-02-15T00:40:59.040Z,"121 km SE of Modisi, Indonesia",earthquake,10.91,9.322,0.117,21,reviewed,us,us
2026-02-14T19:29:25.954Z,4.3725,128.1778,86.765,4.5,mb,52,79,3.723,0.73,us,us6000s98w,2026-02-14T23:48:27.040Z,"292 km N of Tobelo, Indonesia",earthquake,11.55,8.346,0.081,45,reviewed,us,us
2026-02-14T18:53:29.851Z,-6.7614,129.0732,198.556,4.3,mb,14,110,2.373,0.85,us,us6000s98q,2026-02-14T19:13:47.040Z,"Banda Sea",earthquake,9.02,10.581,0.218,7,reviewed,us,us
2026-02-14T18:25:49.659Z,-37.2153,-94.2173,10,5,mww,79,70,13.045,0.54,us,us6000s98p,2026-02-17T19:09:12.040Z,"West Chile Rise",earthquake,11.14,1.889,0.103,9,reviewed,us,us
2026-02-14T18:03:02.200Z,19.018,-66.829,23.28,3.24,md,9,291,0.6716,0.19,pr,pr71508003,2026-02-14T18:21:54.410Z,"58 km N of Hatillo, Puerto Rico",earthquake,1.05,13.92,0.051193139403399,4,reviewed,pr,pr
